{"type": "metrics", "dataset": "train", "precision": 0.772927366104182, "balanced_accuracy": 0.6943585267337578, "recall": 0.44592592592592595, "f1_score": 0.5655616695745538}
{"type": "metrics", "dataset": "test", "precision": 0.6805678793256433, "balanced_accuracy": 0.6630468682742268, "recall": 0.4024134312696747, "f1_score": 0.50576986482031}
{"type":"cm_matrix","dataset":"train","true_0":{"predicted_0":20402,"predicted_1":1238},"true_1":{"predicted_0":5236,"predicted_1":4214}}
{"type":"cm_matrix","dataset":"test","true_0":{"predicted_0":8714,"predicted_1":720},"true_1":{"predicted_0":2278,"predicted_1":1534}}